MAE,RMSE,R2
2.4307947772031695,3.186167077901246,0.6975545289574467
2.5234548485235893,3.212450823544802,0.7624633102711919
3.3762500598241587,4.387523464384067,0.43570914592889753
2.5561931104098035,3.2472683035282057,0.5674683531299483
2.360789396126929,2.971173902263442,0.7319821007666574
