Feature,Importance
Demand_Forecast,5.784111227877792
Units_Sold_roll7_mean,1.8438865621644824
Promo_Effect,0.32381585168534127
monthly_slope,0.28749249028360674
Units_Sold_lag1,0.16406383833555852
Units_Sold_roll30_mean,0.15787477790037846
Units_Sold_roll7_std,0.1560941462780895
Week_Of_Year,0.10953691968632503
Quarter,0.008405847005386345
Month,0.007205806074294294
