Model,RMSE,MAE,R2
Linear Regression,2.4836738887436463,1.9793613178553335,0.8317235532800626
Random Forest,2.375350489248046,1.8537771322078491,0.8460819367817288
XGBoost,2.3307255295595457,1.8130391836166382,0.8518108129501343
LightGBM,2.3144613856222485,1.7911178249472777,0.8538717885307678
CatBoost,2.325234810815561,1.8126531107188553,0.8525082182265982
